LecturerID,CourseID
300000000,EDMC1001
300000001,EDLS2605
300000001,ELET2470
300000001,ECON3010
300000001,EDME2202
300000001,EDMC1002
300000002,EDME1103
300000003,MDPH6190
300000003,EDPS1003
300000004,EDEA3305
300000004,MATH6635
300000004,EDMC3201
300000004,COMP3220
300000004,EDTL1020
300000005,MDPH6230
300000005,EDCU2013
300000006,COMP3161
300000006,ECON1005
300000006,EDRS3008
300000006,EDEA3320
300000006,EDEA2305
300000007,ECON3008
300000007,COMP3702
300000007,EDLA3103
300000007,MDPH6270
300000007,EDGC2010
300000008,COMP3101
300000008,EDHE2912
300000009,MATH6633
300000009,EDLA2103
300000010,PHYS2561
300000010,ELET2415
300000010,EDLA2106
300000011,EDLS2605
300000012,ECON2023
300000012,EDME3205
300000012,ECON2003
300000012,EDMC2201
300000013,EDMC2203
300000014,EDMC1002
300000014,ELET1500
300000014,ECNG1000
300000014,EDMC2214
300000015,COMP3912
300000015,EDMC2216
300000016,EDME2006
300000017,COMP2211
300000017,EDHE3904
300000017,EDME2202
300000018,EDPS2003
300000019,EDRS2007
300000020,COMP3101
300000020,MDPH6215
300000020,PHYS2351
300000020,EDSS2903
300000021,ECNG1012
300000021,ECON2015
300000021,EDSS2904
300000022,EDTL3018
300000022,MATH3424
300000022,PHYS2351
300000022,ELET2420
300000022,EDTK2025
300000023,MATH3412
300000023,EDTL3021
300000023,EDAR3808
300000024,ECON2015
300000024,EDMC3201
300000024,ECON3030
300000024,EDIT3823
300000024,EDEA3304
300000025,EDHE3904
300000025,COMP3912
300000025,MATH2420
300000025,ECON3050
300000025,EDEA3306
300000026,EDSS3908
300000026,MDPH6230
300000026,EDEA3308
300000027,EDLA3104
300000027,EDSS3903
300000027,EDLS2605
300000027,EDEA3316
300000028,EDLA3106
300000028,EDEA3320
300000029,EDHE3905
300000030,MATH3403
300000030,COMP2201
300000030,EDIT3818
300000031,EDMC3202
300000031,MDPH6115
300000031,ECON1000
300000031,EDIT3822
300000032,MATH3424
300000032,ECSE1102
300000032,MATH1185
300000032,EDLA3104
300000033,ECON2024
300000033,EDPS2003
300000033,COMP1210
300000033,EDLA3106
300000034,EDRS3019
300000034,MATH3411
300000034,ECON3040
300000034,EDLA3109
300000035,EDLS3603
300000036,ECON3011
300000036,EDMA3206
300000037,EDMC3201
300000038,EDME2204
300000038,MDPH6120
300000038,EDMC3204
300000039,EDRS2007
300000039,PHYS2500
300000039,COMP1210
300000039,EDRS3019
300000040,PHYS2351
300000040,ENGR1000
300000040,ECNG1009
300000040,STAT6630
300000040,EDSC3410
300000041,COMP3911
300000041,MATH6633
300000041,EDSC3417
300000042,EDSS2903
300000042,MDPH6180
300000042,EDSS3903
300000043,EDEA3308
300000043,COMP2171
300000043,ECON3010
300000043,EDSS3911
300000044,INFO3170
300000044,ECON3072
300000044,MATH1151
300000044,EDTK3004
300000045,ELET2405
300000045,PHYS1422
300000045,MATH3421
300000045,EDTL3018
300000046,EDEA2305
300000046,EDHE3904
300000046,MATH6629
300000046,EDTL3020
300000047,EDTL3018
300000047,ECON3006
300000047,EDTL3021
300000048,EDME1103
300000049,PHYS1422
300000049,MDPH6230
300000049,EDHE3908
300000049,EDTL1021
300000050,EDEA2304
300000051,ECON3072
300000051,EDHE2908
300000052,EDIT3017
300000053,MDPH6110
300000053,MDPH6280
300000053,MDPH6130
300000053,SWEN3185
300000053,EDIT3821
300000054,EDIT3823
300000055,MDPH6270
300000055,EDIT3825
300000056,EDLA2105
300000057,MATH2401
300000057,MATH3422
300000057,EDLS2606
300000058,ECON3031
300000058,EDLS2607
300000059,COMP2211
300000059,EDMC3202
300000059,EDMC2213
300000060,ECNG1012
300000060,EDMC1002
300000060,MDPH6150
300000060,EDME2204
300000061,ECON3016
300000061,EDPH2024
300000062,MATH3403
300000062,EDEA3304
300000062,ELET1500
300000062,EDSC2407
300000063,ECSE1102
300000063,ECON2015
300000063,INFO3105
300000063,MATH3424
300000063,EDSE2712
300000064,MATH6633
300000064,EDSC3410
300000064,EDSS2906
300000065,PHYS1422
300000065,EDLA3103
300000065,EDMC2216
300000065,EDSS3908
300000065,EDEA3305
300000066,ECON1004
300000066,ECON3050
300000066,ECON3010
300000066,EDEA3307
300000067,ECON3030
300000067,EDSE2712
300000067,EDEA3320
300000068,EDLA2106
300000068,MATH3414
300000068,COMP3911
300000068,EDHE3904
300000069,EDMC1002
300000069,ECNG1012
300000069,ECON2001
300000069,MDPH6150
300000069,EDHE3908
300000070,EDLA3103
300000071,MATH1152
300000071,ELET2460
300000071,EDTK3004
300000071,EDLA3106
300000072,EDLA3110
300000073,COMP1161
300000073,EDLA3111
300000074,ECON3006
300000074,EDLS3603
300000075,EDLS3612
300000076,COMP3101
300000076,EDMC3020
300000077,EDMC3202
300000078,EDME3006
300000079,COMP3101
300000079,MDPH6115
300000079,EDME3205
300000080,EDMC2214
300000080,EDRS3008
300000081,EDRS3019
300000082,ECON2023
300000082,EDLA3111
300000082,EDLS3612
300000082,COMP2171
300000082,EDSC3403
300000083,MDPH6240
300000083,EDSC3408
300000084,MATH2401
300000084,EDLS2607
300000084,EDSC3411
300000085,COMP2201
300000085,COMP2340
300000085,EDSS3908
300000086,EDME2204
300000086,COMP3161
300000086,COMP1126
300000087,ECON1003
300000087,EDEA3305
300000087,SWEN3920
300000087,COMP1127
300000088,COMP2190
300000088,COMP1161
300000089,COMP1210
300000090,SWEN2165
300000090,MATH3401
300000090,COMP1220
300000091,COMP2201
300000092,INFO3155
300000092,EDLA3111
300000092,COMP2211
300000093,MATH6634
300000093,COMP2120
300000094,EDEA3305
300000094,COMP2140
300000095,MDPH6180
300000095,EDME2202
300000095,EDME1103
300000095,EDEA3307
300000095,COMP2171
300000096,ECON3040
300000096,COMP2190
300000097,MDPH6140
300000097,COMP2340
300000098,EDCU2013
300000098,ECON3037
300000098,ECON3040
300000098,EDPH2024
300000098,COMP3101
300000099,COMP3702
300000099,EDMC3204
300000099,ECON1005
300000099,ECON2002
300000099,COMP3220
300000100,MATH6634
300000100,EDMC3202
300000100,ECON3008
300000100,EDLA3103
300000100,COMP3161
300000101,ELET2570
300000101,EDLA3106
300000101,COMP3652
300000102,MDPH6230
300000102,COMP3702
300000103,COMP3801
300000104,ECON3010
300000104,ECON2001
300000104,PHYS2386
300000104,EDLS2607
300000104,COMP3901
300000105,COMP3911
300000106,MATH3402
300000106,EDLS3603
300000106,EDSS3903
300000106,COMP3912
300000107,MDPH6240
300000107,ECON2001
300000107,ECON1012
300000107,INFO3105
300000108,ELNG1101
300000108,INFO3110
300000109,MATH3424
300000109,ECON3031
300000109,COMP1220
300000109,EDMC1001
300000109,INFO3155
300000110,MATH6623
300000110,EDLA3111
300000110,COMP3161
300000111,MATH1151
300000111,COMP1220
300000111,MATH1185
300000111,ECON3034
300000111,INFO3170
300000112,INFO3105
300000112,INFO3180
300000113,INFO3170
300000113,STAT6632
300000113,MDPH6140
300000113,ECON3034
300000113,INFO3435
300000114,EDPS2003
300000114,EDEA3305
300000114,PHYS2600
300000114,EDRS3019
300000114,SWEN2165
300000115,MDPH6160
300000115,ECON3034
300000115,PHYS2386
300000115,SWEN3130
300000116,EDLA3103
300000116,SWEN3145
300000117,ECON3050
300000117,SWEN3165
300000118,EDTK2025
300000118,ECON3007
300000118,SWEN3185
300000119,STAT6632
300000119,MATH3423
300000119,COMP2340
300000119,PHYS1411
300000119,SWEN3920
300000120,MATH6623
300000121,EDLS2607
300000121,STAT6632
300000122,SWEN3130
300000122,MATH3403
300000122,ECON3006
300000122,STAT6630
300000123,STAT6631
300000124,EDHE3904
300000124,EDMC1002
300000124,STAT6631
300000125,PHYS2671
300000125,ECON1005
300000125,MATH6629
300000126,EDIT3823
300000126,MATH6633
300000127,MATH6634
300000128,MDPH6240
300000128,MATH6633
300000128,ELET2420
300000128,MATH6628
300000129,PHYS2000
300000129,EDLA3104
300000129,ECON2009
300000129,MATH6622
300000130,MATH6635
300000131,COMP1127
300000131,INFO3170
300000131,ECON1000
300000132,EDHE3904
300000132,ECON3037
300000132,ECON1003
300000133,PHYS1422
300000133,ECON1004
300000134,ECON3030
300000134,ECON1005
300000135,EDEA3316
300000135,ECON1012
300000136,EDTK3004
300000136,MDPH6270
300000136,EDEA2304
300000136,EDIT3825
300000136,ECON2000
300000137,MATH3412
300000137,EDME2006
300000137,COMP3801
300000137,ECON2001
300000138,MDPH6170
300000138,PHYS1411
300000138,ECON2002
300000139,PHYS2000
300000139,EDME3006
300000139,MATH2411
300000139,MATH6633
300000139,ECON2003
300000140,ECON2005
300000141,EDLA3110
300000141,EDRS3019
300000141,MATH6622
300000141,ECON2008
300000142,ECON2009
300000143,EDMC2216
300000143,ECON2010
300000144,SWEN3185
300000144,PHYS2351
300000144,ECON2014
300000145,ECON2015
300000146,MDPH6280
300000146,ECON2015
300000146,ECON2016
300000147,SWEN3185
300000147,COMP1161
300000147,MATH3401
300000147,ECON2020
300000148,COMP2140
300000148,COMP2340
300000148,MATH3424
300000148,EDSC3410
300000148,ECON2023
300000149,ECON2024
300000150,COMP3220
300000150,MATH3412
300000150,PHYS2500
300000150,ECON2025
300000151,EDIT3825
300000151,ECON3003
300000152,ECON3005
300000153,STAT3002
300000153,EDLA3111
300000153,ECON3006
300000154,ECON1005
300000154,ECON2001
300000154,PHYS2000
300000154,EDSC3411
300000154,ECON3007
300000155,EDEA2304
300000155,COMP2120
300000155,EDME2204
300000155,EDCU2013
300000155,ECON3008
300000156,ECON3010
300000157,ECON2003
300000157,COMP3220
300000157,ECON3011
300000158,MATH6628
300000158,EDSC3403
300000158,ECON3016
300000159,MATH2410
300000159,ECON3030
300000160,EDHE2908
300000160,MDPH6190
300000160,EDME3006
300000160,ECON3031
300000161,ECON1005
300000161,MATH2410
300000161,INFO3105
300000161,ECON3032
300000162,EDEA3308
300000162,STAT6630
300000162,MATH3401
300000162,STAT6632
300000162,ECON3034
300000163,ECON3037
300000164,ELET2460
300000164,ELET2570
300000164,MDPH6180
300000164,ECON3040
300000165,ECON3049
300000166,MDPH6240
300000166,STAT6630
300000166,MATH6629
300000166,EDGC2010
300000166,ECON3050
300000167,MDPH6240
300000167,ECON3051
300000168,INFO3155
300000168,EDME2204
300000168,MATH2404
300000168,ECON3072
300000169,EDIT3818
300000169,EDLA3103
300000169,PHYS2396
300000169,ECON3073
300000170,COMP1210
300000170,INFO3180
300000170,ELET1405
300000170,MATH1141
300000171,ECON3003
300000171,COMP2190
300000171,ELET2415
300000171,EDIT3825
300000171,MATH1142
300000172,ECON3072
300000172,COMP1210
300000172,ECON3005
300000172,EDSC3403
300000172,MATH1151
300000173,MATH1152
300000174,EDME1103
300000174,EDTL1021
300000174,COMP2211
300000174,EDLS2605
300000174,MATH2401
300000175,EDIT3821
300000175,MATH2410
300000176,ECON3073
300000176,EDTK2025
300000176,MATH1142
300000176,MATH1151
300000176,MATH2404
300000177,ELET2405
300000177,MATH3423
300000177,MATH3421
300000177,MATH3414
300000177,MATH2411
300000178,ELET2410
300000178,MATH2420
300000178,EDMC2213
300000178,MATH2403
300000179,EDPH2024
300000179,MDPH6180
300000179,MATH6623
300000179,STAT6631
300000179,MATH2420
300000180,MDPH6115
300000180,MATH3155
300000181,MDPH6270
300000181,MATH3412
300000182,INFO3155
300000182,MATH3402
300000183,EDHE3905
300000183,MDPH6190
300000183,MATH2403
300000183,EDEA3307
300000183,MATH3423
300000184,EDMC2203
300000184,MATH3424
300000184,PHYS2671
300000184,EDSS3911
300000184,STAT3001
300000185,MATH3403
300000186,EDMC3201
300000186,MATH3401
300000187,EDEA3308
300000187,PHYS2671
300000187,MATH3411
300000188,EDAR3808
300000188,ECON2000
300000188,EDME2006
300000188,MATH3404
300000189,PHYS1422
300000189,COMP3912
300000189,STAT3002
300000190,MATH3414
300000191,EDME1103
300000191,MATH1141
300000191,ECON2016
300000191,MATH3421
300000192,MDPH6190
300000192,EDMC2216
300000192,MATH3422
300000193,MDPH6260
300000193,ECON2003
300000193,EDEA3316
300000193,ECON3051
300000193,MATH3424
300000194,EDMC2214
300000194,COMP3101
300000194,ECNG1000
300000195,MATH1141
300000195,PHYS1411
300000196,PHYS1412
300000197,SWEN3130
300000197,ECON3016
300000197,PHYS1421
300000198,PHYS1422
300000199,PHYS2500
300000199,MATH3155
300000199,ECON3032
300000199,EDMC3201
300000199,ELNG1101
300000200,STAT6631
300000200,COMP3801
300000200,ENGR1000
300000201,MATH3412
300000201,ELET1500
300000202,PHYS2500
300000202,COMP2190
300000202,MATH1185
300000203,EDSE2712
300000203,MATH3421
300000203,COMP2340
300000203,ELET1405
300000204,INFO3170
300000204,ECNG1012
300000205,ECON2023
300000205,ECNG1009
300000206,ECON1000
300000206,COMP1126
300000206,ECSE1102
300000207,EDLA2106
300000207,EDPS2003
300000207,PHYS2561
300000207,EDPS1003
300000207,MDPH6160
300000208,ECON3006
300000208,ELET2410
300000208,MDPH6150
300000209,ECON2008
300000209,EDPS2003
300000209,MDPH6140
300000210,COMP2171
300000210,MATH6633
300000210,EDSC3411
300000210,EDMC3204
300000210,MDPH6130
300000211,MDPH6120
300000212,MDPH6110
300000213,MDPH6280
300000214,MDPH6270
300000215,EDME1103
300000215,PHYS1412
300000215,MDPH6260
300000216,ECON2003
300000216,ECNG1012
300000216,EDRS3019
300000216,MDPH6190
300000217,MATH6628
300000217,ELET2405
300000217,EDSS2906
300000217,MDPH6180
300000218,ECNG1009
300000218,PHYS2701
300000218,MDPH6190
300000218,MDPH6170
300000219,MDPH6135
300000220,MATH6623
300000220,MATH3421
300000220,EDSC3408
300000220,PHYS2300
300000220,MDPH6115
300000221,EDLA3106
300000221,MDPH6215
300000222,EDLA3109
300000222,EDIT3818
300000222,COMP1161
300000222,MDPH6230
300000223,EDGC2010
300000223,ELET2410
300000223,MATH6635
300000223,MDPH6240
300000224,PHYS2396
300000225,ECON3050
300000225,MATH2420
300000225,ELET2405
300000226,SWEN2165
300000226,EDTL3020
300000226,ELET2415
300000227,MDPH6280
300000227,EDLA2106
300000227,ELET2460
300000228,EDSC3403
300000228,MDPH6135
300000228,ELET2470
300000229,EDME3006
300000229,EDRS3019
300000229,ELET2480
300000230,EDSS2906
300000230,MATH2410
300000230,ELET2410
300000231,MDPH6180
300000231,INFO3155
300000231,EDMC3020
300000231,ENGR1000
300000231,ELET2530
300000232,ECON2001
300000232,COMP1127
300000232,EDTK3004
300000232,ELET2450
300000233,INFO3180
300000233,ELET2420
300000234,MDPH6240
300000234,EDIT3818
300000234,PHYS2561
300000235,PHYS2386
300000235,MDPH6110
300000235,PHYS2671
300000236,INFO3170
300000236,COMP3901
300000236,PHYS2296
300000237,MATH1142
300000237,MDPH6170
300000237,EDHE3904
300000237,EDLS3603
300000237,PHYS2200
300000238,ELET2210
300000238,COMP1220
300000238,ELET2405
300000238,PHYS2386
300000239,EDRS2007
300000239,EDSE2712
300000239,ENGR1000
300000239,PHYS2351
300000240,EDLA3106
300000240,EDHE3904
300000240,ECON3034
300000240,MATH1152
300000240,PHYS2300
300000241,MATH2420
300000241,ECNG1009
300000241,PHYS2701
300000241,PHYS2600
300000242,EDEA3316
300000242,PHYS2500
300000243,MDPH6190
300000243,ECON2001
300000243,ECON1000
300000243,ELET2210
300000244,ELET2570
300000245,ECON3050
300000245,EDEA3305
300000245,COMP2171
300000245,PHYS2600
300000245,PHYS2000
300000246,PHYS2701
300000247,ELET2420
300000247,MDPH6140
300000247,EDHE3905
300000247,PHYS3000
300000248,MDPH6240
300000249,ELET1405
300000249,EDME2202
300000249,ECON2009
300000249,MDPH6270
300000249,MDPH6230
300000250,EDMC1001
300000251,ECON1004
300000251,ECON3011
300000251,EDMC1002
300000252,EDEA3308
300000252,EDME1103
300000253,EDPS1003
300000254,EDLS3603
300000254,EDTL1020
300000255,EDLS2606
300000255,EDEA3306
300000255,EDSS2904
300000255,EDCU2013
300000256,SWEN3920
300000256,EDLS3603
300000256,EDEA2305
300000257,COMP3652
300000257,COMP3801
300000257,EDSS3908
300000257,ELET2210
300000257,EDGC2010
300000258,MDPH6135
300000258,EDHE2912
300000259,ELET2410
300000259,EDEA2304
300000259,MATH3411
300000259,EDLA2103
300000260,MATH6628
300000260,EDSS2903
300000260,ECNG1009
300000260,EDLA2106
300000261,EDLS2605
300000262,EDMC2201
300000263,EDMC2203
300000264,MATH6628
300000264,PHYS2561
300000264,EDMC2214
300000265,COMP1161
300000265,MATH6628
300000265,PHYS1411
300000265,EDMC2216
300000266,EDME2006
300000267,COMP3801
300000267,EDME2202
300000268,ECON1005
300000268,EDTL1021
300000268,ENGR1000
300000268,PHYS2300
300000268,EDPS2003
300000269,ECON2008
300000269,EDME1103
300000269,PHYS1422
300000269,ECNG1012
300000269,EDRS2007
300000270,MATH6622
300000270,COMP3161
300000270,STAT6630
300000270,EDSS2903
300000271,EDEA3306
300000271,EDSS3911
300000271,EDSS2904
300000272,MATH6628
300000272,ELET2415
300000272,ECON3006
300000272,INFO3105
300000272,EDTK2025
300000273,ECON2014
300000273,ECON1012
300000273,MDPH6280
300000273,EDTK2025
300000273,EDAR3808
300000274,EDTL3018
300000274,COMP3161
300000274,EDIT3818
300000274,EDLA3106
300000274,EDEA3304
300000275,EDEA3306
300000276,ECON3030
300000276,PHYS2671
300000276,EDEA3308
300000277,EDEA3316
300000278,ECON3040
300000278,MDPH6180
300000278,EDAR3808
300000278,EDEA3320
300000279,ECON3006
300000279,EDHE3905
300000280,MATH2420
300000280,EDEA3306
300000280,EDIT3818
300000281,STAT6631
300000281,INFO3110
300000281,ECON3007
300000281,MDPH6130
300000281,EDIT3822
300000282,INFO3155
300000282,EDME2006
300000282,EDMC2216
300000282,EDRS3008
300000282,EDLA3104
300000283,EDLA3106
300000284,ECON2002
300000284,MATH6623
300000284,MATH3414
300000284,ECON2025
300000284,EDLA3109
300000285,ELET2570
300000285,ECON2015
300000285,PHYS2396
300000285,EDLS3603
300000286,EDMC1001
300000286,EDRS3019
300000286,EDMC2203
300000286,EDMA3206
300000287,EDLS2605
300000287,EDLA3106
300000287,EDMC3204
300000287,EDMC3201
300000288,EDEA3316
300000288,EDMC3204
300000289,STAT3002
300000289,ELET2405
300000289,ECON2015
300000289,ECON3003
300000289,EDRS3019
300000290,INFO3180
300000290,STAT6632
300000290,EDSC3410
300000291,EDSC3417
300000292,EDSS3903
300000293,EDEA3304
300000293,COMP3911
300000293,EDSS3911
300000294,COMP3911
300000294,ECON3031
300000294,EDTK3004
300000295,ECON2024
300000295,EDIT3822
300000295,MATH3421
300000295,EDTL3018
300000296,ELET2460
300000296,EDLS3603
300000296,ECON2005
300000296,EDTL3020
300000297,EDTL3021
300000298,MDPH6115
300000298,EDEA3306
300000298,ELET2420
300000298,EDME1103
300000299,MATH1152
300000299,EDIT3822
300000299,EDMC2214
300000299,EDTL1021
300000300,ECON3034
300000300,EDTL3018
300000300,EDEA2304
300000301,PHYS2300
300000301,ECON3032
300000301,EDRS3019
300000301,EDHE2908
300000302,COMP1161
300000302,COMP2120
300000302,EDIT3017
300000303,EDIT3821
300000304,EDEA3320
300000304,EDIT3823
300000305,EDIT3825
300000306,ELET2410
300000306,EDLA2105
300000307,EDLS2606
300000308,EDIT3818
300000308,EDLS2607
300000309,COMP3652
300000309,STAT6631
300000309,EDMC2213
300000310,MATH3403
300000310,EDMA3206
300000310,ECON1005
300000310,EDME2204
300000311,EDMC2216
300000311,ECON3030
300000311,EDPH2024
300000312,ECON3037
300000312,INFO3155
300000312,EDSC2407
300000313,ECON2014
300000313,ECON2015
300000313,ECON3031
300000313,EDSE2712
300000314,MATH3421
300000314,ECON1005
300000314,EDMC3020
300000314,MATH3402
300000314,EDSS2906
300000315,SWEN3145
300000315,EDEA3305
300000316,ECON3072
300000316,EDPS2003
300000316,EDSC3408
300000316,EDLS3603
300000316,EDEA3307
300000317,ELNG1101
300000317,EDEA2304
300000317,SWEN3130
300000317,EDSC3411
300000317,EDEA3320
300000318,MDPH6150
300000318,EDHE3904
300000319,EDSS3903
300000319,INFO3110
300000319,EDHE3908
300000320,MDPH6190
300000320,STAT6631
300000320,EDLA3103
300000321,MATH3412
300000321,PHYS1411
300000321,ECON2025
300000321,EDLA3106
300000322,MATH6634
300000322,ECON1005
300000322,INFO3170
300000322,EDLA3110
300000323,EDLA3111
300000324,EDLS3603
300000325,PHYS1412
300000325,EDMA3206
300000325,EDIT3017
300000325,EDEA3308
300000325,EDLS3612
300000326,EDMC3020
300000327,ECON1005
300000327,MATH6622
300000327,STAT3001
300000327,EDMC3202
300000328,COMP3901
300000328,EDHE3908
300000328,EDLA3106
300000328,EDMC3201
300000328,EDME3006
300000329,EDLS3603
300000329,MDPH6160
300000329,EDME3205
300000330,MDPH6180
300000330,ECON1003
300000330,PHYS2351
300000330,EDLA3104
300000330,EDRS3008
300000331,ECON3007
300000331,STAT6631
300000331,EDRS3019
300000332,INFO3435
300000332,COMP3161
300000332,EDSC3403
300000333,EDLA2106
300000333,EDSC3408
300000334,EDMC2203
300000334,EDLS2606
300000334,EDSC3411
300000335,EDSS3908
300000336,INFO3180
300000336,INFO3110
300000336,COMP1126
300000337,COMP1127
300000338,MATH3411
300000338,ELET1405
300000338,COMP1161
300000339,EDEA3320
300000339,COMP1210
300000340,COMP2140
300000340,ELET2410
300000340,COMP1220
300000341,COMP2201
300000342,PHYS2671
300000342,EDLA2106
300000342,COMP2211
300000343,EDGC2010
300000343,COMP3912
300000343,ECSE1102
300000343,ECON3051
300000343,COMP2120
300000344,COMP2140
300000345,COMP2140
300000345,COMP3912
300000345,EDIT3822
300000345,SWEN3920
300000345,COMP2171
300000346,EDHE2912
300000346,COMP2340
300000346,ELET2210
300000346,EDSS2906
300000346,COMP2190
300000347,EDSS2906
300000347,PHYS2671
300000347,ECON1012
300000347,ECON2015
300000347,COMP2340
300000348,EDEA3316
300000348,EDAR3808
300000348,EDPS2003
300000348,STAT6632
300000348,COMP3101
300000349,EDSS3903
300000349,ELNG1101
300000349,STAT3001
300000349,MDPH6190
300000349,COMP3220
300000350,COMP3161
300000351,MATH2404
300000351,MDPH6280
300000351,PHYS2386
300000351,MATH2411
300000351,COMP3652
300000352,MATH2411
300000352,MDPH6230
300000352,EDSE2712
300000352,COMP3702
300000353,PHYS2000
300000353,EDSC3410
300000353,COMP3801
300000354,COMP3901
300000355,EDSS2903
300000355,ECNG1012
300000355,EDPH2024
300000355,ECON1000
300000355,COMP3911
300000356,ECON3034
300000356,MATH3421
300000356,EDIT3818
300000356,COMP3912
300000357,ELET2530
300000357,MDPH6160
300000357,INFO3105
300000358,ELET2530
300000358,INFO3110
300000359,ECON3006
300000359,MATH3422
300000359,EDLA2105
300000359,MATH1152
300000359,INFO3155
300000360,COMP3161
300000361,ECON2001
300000361,INFO3170
300000362,INFO3180
300000363,INFO3435
300000364,EDIT3821
300000364,PHYS2000
300000364,MDPH6260
300000364,SWEN2165
300000365,ELET1500
300000365,MDPH6230
300000365,ECON1005
300000365,EDSC3417
300000365,SWEN3130
300000366,MATH1141
300000366,SWEN3145
300000367,MATH3412
300000367,SWEN3165
300000368,MDPH6240
300000368,PHYS2351
300000368,COMP1220
300000368,SWEN3185
300000369,SWEN3920
300000370,PHYS1421
300000370,EDLS2606
300000370,EDPS2003
300000370,EDEA3306
300000370,MATH6623
300000371,MATH3404
300000371,STAT6632
300000372,ECON3007
300000372,ELET2405
300000372,STAT6630
300000373,COMP1210
300000373,STAT6631
300000374,EDMC2203
300000374,EDCU2013
300000374,COMP2211
300000374,STAT6631
300000375,PHYS2296
300000375,MATH6629
300000376,MATH2410
300000376,ECON3008
300000376,ECNG1012
300000376,MATH1185
300000376,MATH6633
300000377,MATH2404
300000377,MATH6634
300000378,ELET2415
300000378,MATH6628
300000379,EDTL1021
300000379,ECON3030
300000379,PHYS2351
300000379,MATH6622
300000380,MATH2404
300000380,MATH3403
300000380,PHYS2701
300000380,MATH6635
300000381,EDMC2201
300000381,EDLA3106
300000381,EDIT3825
300000381,ECON1000
300000382,MATH3412
300000382,MDPH6230
300000382,ECON1003
300000383,EDSS2903
300000383,EDLA3111
300000383,ECON1004
300000384,INFO3435
300000384,ECON2024
300000384,EDEA3307
300000384,MATH3403
300000384,ECON1005
300000385,MDPH6110
300000385,EDLS3612
300000385,ECON2024
300000385,EDRS3019
300000385,ECON1012
300000386,ECON3011
300000386,COMP3901
300000386,ECON2000
300000387,COMP1220
300000387,EDLA3104
300000387,MDPH6115
300000387,MDPH6120
300000387,ECON2001
300000388,COMP3220
300000388,ECON2008
300000388,COMP2190
300000388,PHYS2296
300000388,ECON2002
300000389,ECON2015
300000389,ECON3003
300000389,MATH6634
300000389,ECON2003
300000390,ECON2005
300000391,EDEA3308
300000391,EDCU2013
300000391,EDSS3911
300000391,ECON2008
300000392,ECON2003
300000392,EDSS3911
300000392,MATH3402
300000392,SWEN3185
300000392,ECON2009
300000393,EDTL3021
300000393,INFO3155
300000393,ECON2010
300000394,ELET2415
300000394,EDTK2025
300000394,ECON2014
300000395,EDME2006
300000395,EDMC2213
300000395,SWEN3165
300000395,ECON2015
300000396,EDTK2025
300000396,ECON2016
300000397,EDMC3204
300000397,ECON2020
300000398,EDLA3106
300000398,STAT6632
300000398,EDSC3403
300000398,ECON2023
300000399,STAT6631
300000399,MDPH6115
300000399,ECON2024
300000400,ECNG1009
300000400,ECON2025
300000401,STAT6631
300000401,EDTL3020
300000401,ECON3003
300000402,EDMC2203
300000402,MATH1141
300000402,COMP3652
300000402,ECON3073
300000402,ECON3005
300000403,PHYS2300
300000403,PHYS1421
300000403,EDME1103
300000403,ECON3006
300000404,EDSS2904
300000404,MDPH6135
300000404,SWEN3165
300000404,COMP1210
300000404,ECON3007
300000405,EDME2006
300000405,ECON3008
300000406,COMP2140
300000406,ECON3049
300000406,EDMC2203
300000406,EDLS2606
300000406,ECON3010
300000407,EDEA3305
300000407,INFO3105
300000407,ECON2003
300000407,EDIT3821
300000407,ECON3011
300000408,ECON3016
300000409,ECON3030
300000410,ECSE1102
300000410,MATH6633
300000410,ECON3031
300000411,ECON3049
300000411,INFO3105
300000411,ECON3032
300000412,EDSE2712
300000412,ECON3034
300000413,EDME3205
300000413,EDIT3818
300000413,ECON3037
300000414,MDPH6240
300000414,MATH1152
300000414,EDSC3408
300000414,EDRS2007
300000414,ECON3040
300000415,MDPH6270
300000415,ECON2016
300000415,MATH2420
300000415,EDLA2103
300000415,ECON3049
300000416,EDLA3106
300000416,ECON3050
300000417,EDLA3109
300000417,STAT6631
300000417,ECON3051
300000418,EDSC3417
300000418,ECON3072
300000419,PHYS2701
300000419,MATH3404
300000419,ECON2005
300000419,STAT3002
300000419,ECON3073
300000420,MATH1141
300000421,MATH1141
300000421,MATH1142
300000422,MATH3424
300000422,ENGR1000
300000422,EDHE3905
300000422,MATH1151
300000423,EDPH2024
300000423,MATH1152
300000424,MDPH6230
300000424,MATH3401
300000424,MATH2401
300000425,MATH2410
300000426,MATH2404
300000427,MATH2411
300000428,EDME2204
300000428,MATH2403
300000429,EDRS3019
300000429,EDTK3004
300000429,EDSS2904
300000429,MATH2420
300000430,MATH3155
300000431,ECON2005
300000431,MATH3412
300000432,ECON3016
300000432,COMP3801
300000432,MATH3402
300000433,ECNG1000
300000433,EDEA3316
300000433,MATH3423
300000434,SWEN3920
300000434,MATH1152
300000434,STAT3001
300000435,PHYS2671
300000435,EDIT3823
300000435,MATH3403
300000436,ELET1405
300000436,MATH3401
300000437,MATH3411
300000438,MATH3404
300000439,STAT3001
300000439,STAT3002
300000440,EDEA3316
300000440,EDLS3612
300000440,SWEN3145
300000440,MATH3414
300000441,MATH3403
300000441,ELET2530
300000441,ELET2420
300000441,EDSS3903
300000441,MATH3421
300000442,SWEN3185
300000442,ECON3051
300000442,EDLS3603
300000442,EDTK2025
300000442,MATH3422
300000443,COMP2171
300000443,ELET2420
300000443,EDHE3904
300000443,EDIT3821
300000443,MATH3424
300000444,ECNG1000
300000445,PHYS1411
300000446,INFO3105
300000446,EDME1103
300000446,PHYS1412
300000447,EDSS3911
300000447,PHYS1421
300000448,PHYS1422
300000449,ELNG1101
300000450,PHYS2300
300000450,MDPH6230
300000450,ENGR1000
300000451,EDLA3103
300000451,COMP3220
300000451,MDPH6270
300000451,EDLA3109
300000451,ELET1500
300000452,ECNG1000
300000452,ELET2460
300000452,ECON3010
300000452,ECON2024
300000452,MATH1185
300000453,ELET1405
300000454,ECNG1012
300000455,ECNG1009
300000456,EDPS1003
300000456,EDIT3823
300000456,STAT6632
300000456,ECSE1102
300000457,STAT3001
300000457,EDEA3316
300000457,MDPH6270
300000457,COMP3911
300000457,MDPH6160
300000458,EDHE3908
300000458,EDSC3403
300000458,MDPH6150
300000459,SWEN3165
300000459,STAT3002
300000459,PHYS2600
300000459,MDPH6140
300000460,EDME1103
300000460,ECON1000
300000460,EDEA3304
300000460,EDLS3603
300000460,MDPH6130
300000461,EDIT3823
300000461,PHYS2000
300000461,EDSC3417
300000461,ECON2003
300000461,MDPH6120
300000462,EDMC2214
300000462,COMP2201
300000462,MDPH6110
300000463,ECON3006
300000463,MATH2404
300000463,EDHE3905
300000463,EDEA3307
300000463,MDPH6280
300000464,ELET1500
300000464,COMP2190
300000464,MATH6634
300000464,MDPH6270
300000465,EDME1103
300000465,PHYS2561
300000465,STAT6631
300000465,ECON2024
300000465,MDPH6260
300000466,ELET1405
300000466,MDPH6190
300000467,MATH3411
300000467,MDPH6180
300000468,MDPH6170
300000469,EDSC3417
300000469,MDPH6135
300000470,COMP3161
300000470,EDMC1002
300000470,MDPH6115
300000471,MATH3155
300000471,MDPH6215
300000472,PHYS1422
300000472,COMP2120
300000472,INFO3180
300000472,SWEN3920
300000472,MDPH6230
300000473,MDPH6240
300000474,ECON3073
300000474,ECON3030
300000474,PHYS2396
300000475,COMP3220
300000475,MATH6622
300000475,ELET2405
300000476,EDRS3019
300000476,ELET2415
300000477,INFO3435
300000477,EDSE2712
300000477,ELET2460
300000478,ECON3016
300000478,PHYS3000
300000478,ELET2480
300000478,INFO3170
300000478,ELET2470
300000479,ECON2001
300000479,ECON3005
300000479,ELET2480
300000480,MDPH6240
300000480,EDME1103
300000480,ELET2410
300000481,INFO3180
300000481,ELET2530
300000482,MDPH6135
300000482,EDHE3905
300000482,ELET2450
300000483,MATH1152
300000483,EDMC3204
300000483,ELET2420
300000484,EDSC3408
300000484,ECON3050
300000484,MDPH6280
300000484,PHYS2561
300000485,COMP1210
300000485,PHYS2671
300000486,EDMC3202
300000486,EDEA3316
300000486,MDPH6280
300000486,PHYS2296
300000487,ECON3008
300000487,ECON3049
300000487,MATH1141
300000487,PHYS2200
300000488,PHYS2386
300000489,EDPH2024
300000489,EDMC2213
300000489,EDHE3905
300000489,PHYS2351
300000490,MATH2403
300000490,MATH6635
300000490,PHYS2300
300000491,PHYS2600
300000492,EDME2202
300000492,EDLS2607
300000492,ECON3034
300000492,MDPH6160
300000492,PHYS2500
300000493,EDEA3307
300000493,STAT6630
300000493,ELET2210
300000494,EDRS2007
300000494,EDSS2904
300000494,ELET2570
300000495,MATH3404
300000495,PHYS2000
300000496,EDHE2908
300000496,ELET1500
300000496,PHYS2701
300000497,ELET2210
300000497,ECON3005
300000497,EDRS3019
300000497,PHYS1422
300000497,PHYS3000
300000498,PHYS2300
300000498,PHYS2296
300000498,EDRS3019
300000498,ECON3034
300000498,MDPH6240
300000499,ECON3040
300000499,MDPH6230
300000500,ECON3072
300000500,MDPH6135
300000500,EDMC1001
300000501,ECON3032
300000501,EDMC1002
300000502,EDCU2013
300000502,EDME1103
300000503,ECON2009
300000503,MDPH6140
300000503,PHYS2296
300000503,ECON3037
300000503,EDPS1003
300000504,EDMC3204
300000504,MATH1152
300000504,EDTL1020
300000505,EDCU2013
300000506,EDRS3019
300000506,SWEN3920
300000506,EDSC3417
300000506,EDEA2305
300000507,EDGC2010
300000508,MATH2404
300000508,COMP3161
300000508,EDME2006
300000508,EDHE2912
300000509,EDRS3019
300000509,ELET2415
300000509,EDMC3204
300000509,EDLA2103
300000510,PHYS3000
300000510,STAT3002
300000510,COMP3911
300000510,EDLA2106
300000511,ECON3072
300000511,ECON2014
300000511,EDMC2213
300000511,EDLS2605
300000512,EDSS2903
300000512,COMP3161
300000512,EDMC2201
300000513,ECON2010
300000513,EDHE3905
300000513,EDMC2203
300000514,ELET2210
300000514,EDMC2214
300000515,MATH1151
300000515,EDLS3603
300000515,EDMA3206
300000515,EDMC2216
300000516,COMP1126
300000516,EDME2006
300000517,ECON1012
300000517,EDME2202
300000518,INFO3155
300000518,MDPH6230
300000518,EDPS2003
300000519,COMP3911
300000519,ECON3037
300000519,STAT6631
300000519,EDRS2007
300000520,EDSS2903
300000521,MATH2410
300000521,EDSS2904
300000522,PHYS2386
300000522,ELET2420
300000522,ECON1000
300000522,EDTK2025
300000523,MATH3155
300000523,EDAR3808
300000524,ECON3008
300000524,PHYS1422
300000524,ELET2210
300000524,EDEA3304
300000525,EDLA3106
300000525,EDPS1003
300000525,COMP1126
300000525,EDEA3306
300000526,MATH1141
300000526,MDPH6260
300000526,EDEA3308
300000527,MATH6623
300000527,STAT3001
300000527,SWEN3145
300000527,ELET2415
300000527,EDEA3316
300000528,MATH3402
300000528,EDGC2010
300000528,EDEA3320
300000529,ECNG1009
300000529,MDPH6170
300000529,EDME3006
300000529,COMP2171
300000529,EDHE3905
300000530,ECON3007
300000530,EDIT3818
300000531,EDME3205
300000531,STAT3001
300000531,MATH1142
300000531,EDIT3822
300000532,EDHE3905
300000532,MDPH6230
300000532,ELET2470
300000532,ECON3010
300000532,EDLA3104
300000533,EDMC3202
300000533,EDMC2201
300000533,EDME2204
300000533,EDLA3106
300000534,PHYS2386
300000534,ELET2415
300000534,COMP1127
300000534,EDLA3109
300000535,ELET2570
300000535,EDTL1020
300000535,EDLS3603
300000536,MATH6628
300000536,MATH3414
300000536,EDEA3320
300000536,EDSS2903
300000536,EDMA3206
300000537,PHYS2000
300000537,PHYS2396
300000537,MATH2411
300000537,EDPH2024
300000537,EDMC3201
300000538,EDEA2305
300000538,ECON3030
300000538,ECON3032
300000538,MATH6629
300000538,EDMC3204
300000539,MATH6633
300000539,EDRS3019
300000540,EDSC2407
300000540,EDSC3410
300000541,MDPH6230
300000541,EDSC3417
300000542,EDSS3903
300000543,EDME1103
300000543,ELET2420
300000543,EDLA3106
300000543,EDSS3911
300000544,EDSS3911
300000544,ELET1405
300000544,SWEN3185
300000544,EDTK3004
300000545,EDTL3018
300000546,ECON3050
300000546,MATH6628
300000546,MATH3412
300000546,MATH1151
300000546,EDTL3020
300000547,ECON3049
300000547,EDTL3021
300000548,ECON3037
300000548,ECON3073
300000548,EDME1103
300000549,EDLA3106
300000549,EDTL1021
300000550,EDLS2605
300000550,EDEA2304
300000551,PHYS2000
300000551,EDSC3410
300000551,EDTL1020
300000551,EDPS2003
300000551,EDHE2908
300000552,MATH1185
300000552,EDLA3111
300000552,PHYS2561
300000552,EDIT3017
300000553,EDSE2712
300000553,MDPH6180
300000553,EDIT3821
300000554,EDME2204
300000554,EDIT3822
300000554,MDPH6230
300000554,MATH1141
300000554,EDIT3823
300000555,EDTK3004
300000555,EDME3205
300000555,EDIT3825
300000556,EDRS3008
300000556,MDPH6140
300000556,EDHE3905
300000556,ECON2009
300000556,EDLA2105
300000557,EDLS2606
300000558,ECON3037
300000558,EDLS2607
300000559,EDEA3316
300000559,ECON2014
300000559,MDPH6260
300000559,STAT3002
300000559,EDMC2213
300000560,EDLA2103
300000560,EDHE2908
300000560,ECON1003
300000560,EDME2204
300000561,EDPH2024
300000562,EDSC2407
300000563,ECON3030
300000563,EDSE2712
300000564,ECON2001
300000564,EDSS2906
300000565,ECON2009
300000565,EDEA3305
300000566,PHYS1421
300000566,ELET2460
300000566,EDEA3307
300000567,EDEA3320
300000568,EDHE3904
300000569,EDHE2912
300000569,EDHE3908
300000570,ECON2005
300000570,EDLA3103
300000571,ELET2460
300000571,EDLA3106
300000572,COMP3652
300000572,SWEN3185
300000572,EDLA3110
300000573,EDLA3111
300000574,ECON3003
300000574,MATH6628
300000574,ECON3037
300000574,PHYS2500
300000574,EDLS3603
300000575,EDMC1001
300000575,COMP3901
300000575,EDME2006
300000575,EDLS3612
300000576,EDMC3020
300000577,EDMC3202
300000578,EDME3006
300000579,ECON2009
300000579,MATH2420
300000579,MATH2403
300000579,ECON2008
300000579,EDME3205
300000580,EDLA3109
300000580,ECON2024
300000580,ECON2003
300000580,ECON2016
300000580,EDRS3008
300000581,MATH3423
300000581,ECON2003
300000581,EDRS3019
300000582,EDSE2712
300000582,EDEA3316
300000582,EDSC3417
300000582,EDSC3403
300000583,EDMC3201
300000583,EDME2204
300000583,ELET2570
300000583,EDIT3825
300000583,EDSC3408
300000584,MDPH6280
300000584,ECON1012
300000584,EDMC3201
300000584,EDLS3612
300000584,EDSC3411
300000585,EDIT3822
300000585,EDMC2201
300000585,MDPH6160
300000585,EDSS3908
300000586,MATH2410
300000586,COMP1126
300000587,MATH1151
300000587,ECON2025
300000587,PHYS2296
300000587,COMP1127
300000588,COMP1161
300000589,EDMC3202
300000589,COMP1210
300000590,PHYS2200
300000590,MATH3424
300000590,COMP1220
300000591,COMP1127
300000591,ECON3011
300000591,EDME2204
300000591,COMP2201
300000592,COMP2211
300000593,EDHE2908
300000593,COMP2120
300000594,EDSS3911
300000594,COMP3220
300000594,ELET1405
300000594,COMP2140
300000595,SWEN3185
300000595,MDPH6180
300000595,STAT6630
300000595,COMP2171
300000596,ECON2014
300000596,COMP3801
300000596,EDMC3204
300000596,ELET2450
300000596,COMP2190
300000597,PHYS2296
300000597,MATH3414
300000597,EDMC2203
300000597,PHYS2300
300000597,COMP2340
300000598,STAT3001
300000598,COMP3101
300000599,COMP3220
300000600,SWEN2165
300000600,ECON3049
300000600,EDTL3018
300000600,MATH2401
300000600,COMP3161
300000601,EDME3006
300000601,COMP3652
300000602,EDSC3417
300000602,MATH6635
300000602,SWEN3130
300000602,COMP3702
300000603,EDEA3305
300000603,EDSC3403
300000603,COMP3801
300000604,ECNG1012
300000604,MATH2411
300000604,COMP3901
300000605,EDSS3903
300000605,COMP3911
300000606,COMP1161
300000606,MATH3403
300000606,INFO3180
300000606,MATH2420
300000606,COMP3912
300000607,MATH6628
300000607,ECNG1000
300000607,ECON3003
300000607,INFO3105
300000608,EDLS3612
300000608,EDEA2304
300000608,COMP2340
300000608,MDPH6170
300000608,INFO3110
300000609,MATH3411
300000609,MATH6634
300000609,INFO3155
300000610,COMP3161
300000611,EDLS2607
300000611,INFO3170
300000612,COMP3101
300000612,MATH3411
300000612,PHYS2300
300000612,ECON3032
300000612,INFO3180
300000613,EDSC3403
300000613,ELET2415
300000613,MDPH6215
300000613,MATH6623
300000613,INFO3435
300000614,COMP2211
300000614,ECON3005
300000614,ECON2000
300000614,COMP1161
300000614,SWEN2165
300000615,ELET2210
300000615,EDTL1021
300000615,SWEN3130
300000616,SWEN2165
300000616,EDMA3206
300000616,EDSS2906
300000616,ECON3051
300000616,SWEN3145
300000617,ECON3049
300000617,MATH3424
300000617,ECON3003
300000617,COMP2171
300000617,SWEN3165
300000618,ELET2470
300000618,COMP2211
300000618,ECON3007
300000618,EDMC3204
300000618,SWEN3185
300000619,MDPH6260
300000619,EDPH2024
300000619,ELET2570
300000619,MDPH6120
300000619,SWEN3920
300000620,MATH2404
300000620,COMP2171
300000620,EDME3006
300000620,MATH6623
300000621,STAT6631
300000621,STAT6632
300000622,EDLS2606
300000622,STAT6630
300000623,EDHE2908
300000623,STAT6632
300000623,STAT6631
300000624,EDEA3320
300000624,ECON3034
300000624,EDSC3403
300000624,EDLS2607
300000624,STAT6631
300000625,MATH3411
300000625,SWEN3130
300000625,PHYS2386
300000625,COMP3161
300000625,MATH6629
300000626,EDCU2013
300000626,ELET2530
300000626,MATH6633
300000627,MATH6634
300000628,MDPH6215
300000628,MATH6628
300000629,MATH6622
300000630,EDMC3020
300000630,EDSC3410
300000630,PHYS2671
300000630,MATH6635
300000631,PHYS2671
300000631,MATH1152
300000631,ECON1000
300000632,MDPH6180
300000632,ECON2001
300000632,ECON1003
300000633,MDPH6190
300000633,MDPH6240
300000633,COMP2190
300000633,COMP2171
300000633,ECON1004
300000634,MATH3403
300000634,INFO3110
300000634,ECON2015
300000634,EDSC3417
300000634,ECON1005
300000635,EDTL1021
300000635,PHYS2200
300000635,ECON1003
300000635,ECON3034
300000635,ECON1012
300000636,EDLA3111
300000636,MATH2411
300000636,EDHE2908
300000636,EDEA3305
300000636,ECON2000
300000637,ECON2024
300000637,MDPH6270
300000637,PHYS2296
300000637,ECON2001
300000638,EDSS3911
300000638,ECON2002
300000639,EDLA3109
300000639,ECON3007
300000639,ECON2003
300000640,MATH2410
300000640,ECON2005
300000641,ECON1004
300000641,MATH3404
300000641,EDSC3411
300000641,ECON2008
300000642,ECON2009
300000643,COMP1210
300000643,ECON2010
300000644,EDTK2025
300000644,ECON3010
300000644,ECON2014
300000645,ECON2015
300000646,ECON2016
300000647,EDSC3410
300000647,EDSS2904
300000647,COMP3220
300000647,EDRS3019
300000647,ECON2020
300000648,MDPH6140
300000648,COMP3912
300000648,ECON3072
300000648,EDPS1003
300000648,ECON2023
300000649,EDHE3904
300000649,ECNG1000
300000649,EDMC2201
300000649,ELET2405
300000649,ECON2024
300000650,EDMC3020
300000650,ECON2025
300000651,EDMC3202
300000651,EDSS3908
300000651,STAT3001
300000651,ECON3003
300000652,ECON3005
300000653,COMP1126
300000653,EDME2204
300000653,ECON3006
300000654,STAT6631
300000654,ECON3007
300000655,MATH2403
300000655,ECON3051
300000655,EDLA3104
300000655,ECON1005
300000655,ECON3008
300000656,EDEA3320
300000656,EDLA3106
300000656,PHYS1422
300000656,ECON3010
300000657,ECON1000
300000657,EDLA2106
300000657,ECON3011
300000658,ECON1003
300000658,EDEA3316
300000658,ECON3016
300000659,EDSS2903
300000659,EDLA3110
300000659,EDMC2213
300000659,PHYS1412
300000659,ECON3030
300000660,MDPH6240
300000660,ECON3031
300000661,PHYS1421
300000661,STAT6632
300000661,MATH3403
300000661,ECON3032
300000662,ECON3034
300000663,COMP1210
300000663,ECON2000
300000663,ECON3008
300000663,MATH2420
300000663,ECON3037
300000664,PHYS2561
300000664,ECON2014
300000664,EDSS2904
300000664,PHYS2296
300000664,ECON3040
300000665,EDIT3823
300000665,MDPH6180
300000665,MATH3404
300000665,ECON3049
300000666,INFO3180
300000666,COMP2140
300000666,PHYS3000
300000666,ECON3050
300000667,ECON3051
300000668,ECON3072
300000669,PHYS2300
300000669,MATH2403
300000669,EDEA2305
300000669,ECON3073
300000670,MATH2420
300000670,MATH1141
300000671,EDMA3206
300000671,EDSC3403
300000671,PHYS2701
300000671,MATH1142
300000672,EDLS2606
300000672,MATH1151
300000673,EDTL1021
300000673,ECON2010
300000673,MATH1152
300000674,EDEA3308
300000674,INFO3105
300000674,PHYS2300
300000674,ECON3006
300000674,MATH2401
300000675,EDPH2024
300000675,COMP2120
300000675,MATH2410
300000676,EDLA2103
300000676,EDMC1001
300000676,ECON1005
300000676,MATH2404
300000677,ECSE1102
300000677,ECON1000
300000677,MATH2411
300000678,EDEA3307
300000678,ECON2010
300000678,MDPH6160
300000678,MATH3412
300000678,MATH2403
300000679,EDEA3316
300000679,EDSS2906
300000679,MATH2420
300000680,EDMC2213
300000680,EDLS3612
300000680,ECON3006
300000680,MATH3155
300000681,ECON2000
300000681,MATH3412
300000682,PHYS2671
300000682,MATH3402
300000683,MATH3423
300000684,MDPH6215
300000684,ELET2470
300000684,EDHE3905
300000684,ECON2008
300000684,STAT3001
300000685,MDPH6240
300000685,EDMC2214
300000685,MATH3403
300000686,MATH3401
300000687,MATH3411
300000688,MATH3404
300000689,EDSC3417
300000689,EDRS3008
300000689,MATH6634
300000689,STAT3002
300000690,EDSS2903
300000690,EDME3205
300000690,COMP3702
300000690,ECON3011
300000690,MATH3414
300000691,MATH3401
300000691,PHYS2396
300000691,MDPH6110
300000691,EDSE2712
300000691,MATH3421
300000692,EDEA2304
300000692,MATH3422
300000693,MATH3421
300000693,EDPH2024
300000693,MATH3424
300000694,ECNG1000
300000695,ECON2008
300000695,COMP1210
300000695,MATH2411
300000695,COMP3901
300000695,PHYS1411
300000696,EDLA3110
300000696,MDPH6115
300000696,PHYS1412
300000697,ELET2410
300000697,ECON3011
300000697,EDMC1001
300000697,ELET2480
300000697,PHYS1421
300000698,MATH2403
300000698,EDIT3825
300000698,EDIT3821
300000698,PHYS1422
300000699,MATH2411
300000699,ELNG1101
300000700,MATH6633
300000700,MATH3155
300000700,MATH2401
300000700,EDLA3110
300000700,ENGR1000
300000701,EDSS2906
300000701,EDME1103
300000701,MATH3403
300000701,ELET1500
300000702,MDPH6110
300000702,SWEN3185
300000702,MATH6629
300000702,MATH2404
300000702,MATH1185
300000703,ELET1405
300000704,ECNG1012
300000705,EDRS2007
300000705,ECON2023
300000705,EDLS2605
300000705,ECNG1009
300000706,COMP3101
300000706,EDTL1021
300000706,EDRS2007
300000706,EDEA3304
300000706,ECSE1102
300000707,MDPH6160
300000708,EDEA2305
300000708,MDPH6150
300000709,EDMC3202
300000709,EDSS3911
300000709,EDIT3822
300000709,EDLA3106
300000709,MDPH6140
300000710,ELET1500
300000710,ECON3030
300000710,ECON3049
300000710,COMP3912
300000710,MDPH6130
300000711,ELET2410
300000711,MDPH6240
300000711,ENGR1000
300000711,MDPH6120
300000712,COMP3702
300000712,MDPH6280
300000712,EDIT3822
300000712,EDHE2908
300000712,MDPH6110
300000713,EDTL1021
300000713,EDSC3417
300000713,MDPH6280
300000714,EDTK3004
300000714,MDPH6270
300000715,MATH3414
300000715,MDPH6260
300000716,MATH3424
300000716,EDMC2216
300000716,SWEN3185
300000716,MDPH6190
300000717,EDPH2024
300000717,MATH2404
300000717,COMP2340
300000717,MDPH6180
300000718,MDPH6180
300000718,MDPH6150
300000718,ELET1405
300000718,ELET2470
300000718,MDPH6170
300000719,SWEN3145
300000719,MDPH6135
300000720,EDMC3202
300000720,COMP1126
300000720,MDPH6115
300000721,PHYS2296
300000721,ECON3006
300000721,ELET2570
300000721,EDSC3417
300000721,MDPH6215
300000722,PHYS2600
300000722,MDPH6160
300000722,MDPH6230
300000723,ECON3005
300000723,MATH1185
300000723,EDEA3306
300000723,MATH3411
300000723,MDPH6240
300000724,PHYS3000
300000724,PHYS2396
300000725,EDLA3106
300000725,MDPH6110
300000725,PHYS2351
300000725,ELET2405
300000726,MATH6634
300000726,ELET2415
300000727,INFO3170
300000727,COMP3901
300000727,ELET2460
300000728,INFO3170
300000728,COMP2140
300000728,ELET2470
300000729,EDME3006
300000729,ELET2405
300000729,MATH3423
300000729,ELET2480
300000730,EDTL1020
300000730,EDIT3825
300000730,ELET2410
300000731,MATH1142
300000731,PHYS1411
300000731,EDMC3202
300000731,PHYS3000
300000731,ELET2530
300000732,ECON2014
300000732,EDAR3808
300000732,MDPH6140
300000732,ELET2450
300000733,ELET2420
300000734,EDSE2712
300000734,ECON1003
300000734,PHYS2561
300000735,SWEN3920
300000735,PHYS2300
300000735,PHYS2671
300000736,EDIT3822
300000736,ECON3007
300000736,STAT3002
300000736,MATH6629
300000736,PHYS2296
300000737,EDIT3017
300000737,ECON2000
300000737,STAT3001
300000737,PHYS2200
300000738,PHYS2396
300000738,MDPH6120
300000738,PHYS2386
300000739,STAT3001
300000739,MATH1142
300000739,EDMC2203
300000739,EDEA3308
300000739,PHYS2351
300000740,COMP2340
300000740,EDEA3304
300000740,EDME2202
300000740,PHYS2300
300000741,PHYS2600
300000742,PHYS2500
300000743,MATH3155
300000743,ECON3032
300000743,EDEA2305
300000743,EDTL3021
300000743,ELET2210
300000744,ELET2570
300000745,COMP1210
300000745,PHYS1421
300000745,PHYS2296
300000745,PHYS2000
300000746,ECON3003
300000746,EDIT3818
300000746,COMP3912
300000746,PHYS2701
300000747,PHYS3000
300000748,MDPH6240
300000749,ECON2024
300000749,MDPH6230
300000750,EDMC1001
300000751,EDMC1002
300000752,INFO3155
300000752,EDME1103
300000753,MATH6629
300000753,ECON2001
300000753,MATH2404
300000753,EDPS1003
300000754,PHYS2396
300000754,EDSS2903
300000754,EDLA3111
300000754,STAT6631
300000754,EDTL1020
300000755,SWEN3920
300000755,MATH3404
300000755,PHYS2701
300000755,EDCU2013
300000756,PHYS1421
300000756,MDPH6230
300000756,MATH3414
300000756,MDPH6260
300000756,EDEA2305
300000757,EDTL1021
300000757,EDLA3106
300000757,MATH3402
300000757,PHYS2600
300000757,EDGC2010
300000758,ELET2210
300000758,SWEN3145
300000758,MATH1151
300000758,ECON3008
300000758,EDHE2912
300000759,ECON2000
300000759,STAT6631
300000759,EDEA3320
300000759,EDLA2103
300000760,EDLA3111
300000760,ECON3049
300000760,EDLA2106
300000761,EDLA2106
300000761,INFO3170
300000761,SWEN3145
300000761,EDLS2605
300000762,STAT3002
300000762,EDMC1002
300000762,EDSC3408
300000762,EDMC2201
300000763,ENGR1000
300000763,MATH2404
300000763,EDMC2203
300000764,EDMC2216
300000764,EDLA2105
300000764,ECON3032
300000764,EDMC2214
300000765,EDMC2216
300000766,MATH2401
300000766,EDEA3308
300000766,EDME3006
300000766,EDME2006
300000767,EDME2202
300000768,COMP3901
300000768,ECON3049
300000768,EDPS2003
300000769,EDME3006
300000769,EDRS2007
300000770,INFO3155
300000770,EDME2204
300000770,EDSS2903
300000771,ELET2460
300000771,EDIT3017
300000771,EDRS3019
300000771,EDSS2904
300000772,EDLA3106
300000772,EDTK2025
300000773,EDSC3403
300000773,MATH3414
300000773,EDPS2003
300000773,EDRS3019
300000773,EDAR3808
300000774,ELET2480
300000774,EDEA3304
300000775,PHYS2000
300000775,EDSS3911
300000775,EDIT3822
300000775,EDEA3306
300000776,ECON3010
300000776,ELET2460
300000776,EDEA3308
300000777,EDLA3103
300000777,EDEA3316
300000778,COMP3901
300000778,EDEA3320
300000779,COMP1126
300000779,MDPH6215
300000779,EDHE3905
300000780,EDCU2013
300000780,MDPH6215
300000780,COMP3801
300000780,ECON3003
300000780,EDIT3818
300000781,ELET2450
300000781,MDPH6280
300000781,EDCU2013
300000781,MDPH6240
300000781,EDIT3822
300000782,MATH6629
300000782,STAT6630
300000782,ECON1000
300000782,EDLA3104
300000783,EDMC3204
300000783,EDHE3905
300000783,EDLA3106
300000784,EDLA3109
300000785,EDLS3603
300000786,EDLS3603
300000786,PHYS2671
300000786,EDMA3206
300000787,EDMC2216
300000787,EDMC3201
300000788,EDLA3106
300000788,ECON3016
300000788,EDMC3204
300000789,EDRS3019
300000790,ECON3007
300000790,EDMC3020
300000790,ECON2008
300000790,INFO3110
300000790,EDSC3410
300000791,EDTL1021
300000791,MATH1141
300000791,EDSC3417
300000792,EDMC2201
300000792,EDSS3903
300000793,ECON3007
300000793,ECON2009
300000793,COMP3161
300000793,ECON2015
300000793,EDSS3911
300000794,EDIT3017
300000794,EDMC3204
300000794,ECON2016
300000794,EDTK3004
300000795,EDTK3004
300000795,EDTL3018
300000796,EDMC2216
300000796,EDTL3020
300000797,STAT6631
300000797,COMP1126
300000797,EDEA3307
300000797,EDTL3021
300000798,MATH6628
300000798,ELET2570
300000798,INFO3435
300000798,EDME1103
300000799,ELET2410
300000799,MDPH6140
300000799,MATH6629
300000799,EDTL1021
300000800,EDEA2304
300000801,COMP3101
300000801,EDHE2908
300000802,EDIT3017
300000803,PHYS1422
300000803,EDIT3821
300000804,EDMC2216
300000804,EDLS2605
300000804,EDME3205
300000804,EDIT3823
300000805,COMP2140
300000805,EDSC3411
300000805,COMP1220
300000805,EDIT3825
300000806,MDPH6240
300000806,ELET2415
300000806,EDSC3417
300000806,ECON3005
300000806,EDLA2105
300000807,MATH6634
300000807,EDMC3201
300000807,EDEA3304
300000807,EDLS2606
300000808,ECON3006
300000808,EDLS2607
300000809,MATH6634
300000809,EDGC2010
300000809,MATH3404
300000809,PHYS2000
300000809,EDMC2213
300000810,INFO3170
300000810,EDME2204
300000811,MDPH6190
300000811,ECON3032
300000811,PHYS2701
300000811,EDPH2024
300000812,EDTK3004
300000812,EDMA3206
300000812,EDIT3822
300000812,EDIT3825
300000812,EDSC2407
300000813,MATH3423
300000813,EDHE3908
300000813,MATH1151
300000813,EDSE2712
300000814,EDLA2105
300000814,EDIT3821
300000814,MATH6623
300000814,EDSS2906
300000815,COMP1127
300000815,EDEA3305
300000816,EDCU2013
300000816,ELNG1101
300000816,PHYS2000
300000816,EDEA3307
300000817,ELET2450
300000817,ECON3007
300000817,EDPH2024
300000817,EDEA3320
300000818,EDMC3201
300000818,EDLA3110
300000818,EDSS3911
300000818,PHYS2671
300000818,EDHE3904
300000819,EDHE3908
300000820,EDLS2606
300000820,MATH6629
300000820,ENGR1000
300000820,EDLA3103
300000821,COMP3161
300000821,EDEA2304
300000821,EDPS2003
300000821,ECON3006
300000821,EDLA3106
300000822,EDLS2605
300000822,EDLA3110
300000823,MDPH6260
300000823,EDLA3111
300000824,MATH3412
300000824,EDLS3603
300000825,ECNG1009
300000825,EDMC2203
300000825,EDLS3612
300000826,MATH3414
300000826,MATH6635
300000826,EDMC3020
300000827,EDSC3410
300000827,EDMC3202
300000828,EDME3006
300000829,COMP3220
300000829,EDME3205
300000830,INFO3110
300000830,MATH6633
300000830,EDRS3008
300000831,MATH2403
300000831,EDLA2106
300000831,EDRS3019
300000832,EDSC3403
300000833,SWEN3130
300000833,EDSC3408
300000834,EDSC3408
300000834,MDPH6140
300000834,MDPH6160
300000834,EDSC3411
300000835,PHYS1411
300000835,MATH3155
300000835,MATH3424
300000835,ECON3016
300000835,EDSS3908
300000836,MATH2420
300000836,MDPH6280
300000836,ECON3006
300000836,COMP1126
300000837,COMP1126
300000837,COMP1127
300000838,ECNG1009
300000838,ELET2450
300000838,MATH1142
300000838,COMP1161
300000839,ECON2003
300000839,SWEN3165
300000839,COMP1210
300000840,COMP1220
300000841,ECON3007
300000841,COMP2201
300000842,COMP2211
300000843,EDEA3306
300000843,ECON3073
300000843,ECNG1012
300000843,COMP2120
300000844,MDPH6280
300000844,COMP1210
300000844,STAT6632
300000844,ECNG1000
300000844,COMP2140
300000845,COMP2171
300000846,COMP2190
300000847,PHYS2386
300000847,ECON2001
300000847,MATH1152
300000847,COMP2340
300000848,SWEN3165
300000848,COMP3101
300000849,ECON2024
300000849,COMP3220
300000850,ECON3034
300000850,MDPH6270
300000850,COMP3161
300000851,COMP3161
300000851,ECSE1102
300000851,COMP3652
300000852,MDPH6260
300000852,EDEA3316
300000852,COMP3702
300000853,EDLA2106
300000853,EDMC2213
300000853,EDSE2712
300000853,EDMC1002
300000853,COMP3801
300000854,COMP2340
300000854,PHYS1421
300000854,COMP3901
300000855,COMP3911
300000856,STAT3001
300000856,COMP3912
300000857,EDSC3408
300000857,EDSS2904
300000857,ECON3008
300000857,PHYS2396
300000857,INFO3105
300000858,INFO3110
300000859,INFO3155
300000860,ECON3007
300000860,COMP3161
300000861,INFO3110
300000861,ECON2010
300000861,MATH6635
300000861,EDMC2213
300000861,INFO3170
300000862,EDLA3103
300000862,INFO3180
300000863,ECON2010
300000863,INFO3435
300000864,PHYS1412
300000864,ECON2025
300000864,SWEN2165
300000865,ECON1005
300000865,EDSS3908
300000865,EDME1103
300000865,SWEN3130
300000866,ENGR1000
300000866,MATH3401
300000866,ECON3049
300000866,INFO3155
300000866,SWEN3145
300000867,EDMC2203
300000867,EDEA3306
300000867,ELET2470
300000867,MATH3421
300000867,SWEN3165
300000868,INFO3170
300000868,EDIT3821
300000868,EDPH2024
300000868,ECNG1012
300000868,SWEN3185
300000869,SWEN3920
300000870,MDPH6260
300000870,EDIT3825
300000870,SWEN3165
300000870,MATH6623
300000871,SWEN2165
300000871,SWEN3185
300000871,MATH2420
300000871,EDIT3825
300000871,STAT6632
300000872,ELET1405
300000872,STAT6630
300000873,ECON2025
300000873,ECON2000
300000873,STAT6631
300000874,PHYS2561
300000874,COMP3652
300000874,ECNG1012
300000874,MDPH6170
300000874,STAT6631
300000875,ECON2016
300000875,ECON2009
300000875,MATH6629
300000876,EDSC3417
300000876,PHYS2296
300000876,ECON3037
300000876,MATH6633
300000877,EDEA3320
300000877,MATH6634
300000878,SWEN3185
300000878,MATH6628
300000879,MATH6622
300000880,STAT6630
300000880,MATH6635
300000881,COMP1127
300000881,EDEA3316
300000881,PHYS2351
300000881,EDSS3903
300000881,ECON1000
300000882,ECON1003
300000883,STAT3002
300000883,PHYS2396
300000883,EDMC1002
300000883,ECON1004
300000884,EDEA3316
300000884,ECON1005
300000885,ECON3050
300000885,MDPH6230
300000885,EDEA2304
300000885,ECON1012
300000886,MATH1151
300000886,ELET2470
300000886,EDPS1003
300000886,ECON2000
300000887,ECON2001
300000888,MATH1141
300000888,MATH6633
300000888,ECON3005
300000888,MDPH6270
300000888,ECON2002
300000889,EDTL1021
300000889,ECON2003
300000890,MDPH6230
300000890,COMP2340
300000890,EDLS2605
300000890,COMP2211
300000890,ECON2005
300000891,EDSS2904
300000891,PHYS2386
300000891,ECON2008
300000892,PHYS2000
300000892,ECON2009
300000893,EDME2202
300000893,EDME1103
300000893,EDEA3316
300000893,ECON2010
300000894,ECON1004
300000894,MATH2410
300000894,MDPH6190
300000894,ECON2014
300000895,COMP3702
300000895,MDPH6280
300000895,EDSC3411
300000895,ECON2015
300000896,MATH3421
300000896,EDSS3911
300000896,MATH3423
300000896,ECON2016
300000897,ECON2020
300000898,EDRS3019
300000898,ELET2530
300000898,EDMC2203
300000898,ECON2023
300000899,EDMA3206
300000899,EDME3006
300000899,COMP1210
300000899,ELET2480
300000899,ECON2024
300000900,MATH2403
300000900,ECON2025
300000901,MATH6623
300000901,ECON3003
300000902,COMP3220
300000902,ECON1005
300000902,ECON3072
300000902,EDTL3018
300000902,ECON3005
300000903,MDPH6240
300000903,COMP1127
300000903,EDMC2203
300000903,ECON3006
300000904,EDME2202
300000904,ECON3007
300000905,PHYS1422
300000905,ECON3008
300000906,EDTL1020
300000906,MATH1185
300000906,PHYS2300
300000906,ECON3010
300000907,MATH3423
300000907,COMP3101
300000907,EDSC3411
300000907,ECON3011
300000908,EDLA3104
300000908,ECON1000
300000908,ECON3016
300000909,PHYS2296
300000909,ECON3050
300000909,ECON3030
300000910,ECSE1102
300000910,ECON3031
300000911,MDPH6190
300000911,MATH6633
300000911,ECON3032
300000912,ECON3034
300000913,ECON3011
300000913,EDPS2003
300000913,ECON3037
300000914,COMP3220
300000914,ECON3040
300000915,EDIT3821
300000915,MATH1151
300000915,ELET2415
300000915,ECON3034
300000915,ECON3049
300000916,EDME3006
300000916,ECON3050
300000917,ECON3051
300000918,ELET2480
300000918,ECON3072
300000919,ECON3073
300000920,STAT3001
300000920,ECON3010
300000920,MATH1141
300000921,ECON3050
300000921,ECON3031
300000921,COMP1126
300000921,MATH1142
300000922,STAT6632
300000922,MDPH6150
300000922,SWEN3130
300000922,COMP3161
300000922,MATH1151
300000923,EDEA3320
300000923,ECON2010
300000923,EDEA3316
300000923,MATH1152
300000924,EDSC3411
300000924,MATH2401
300000925,EDMC3202
300000925,MATH2410
300000926,ECON1012
300000926,PHYS2386
300000926,ECON3051
300000926,MATH2404
300000927,COMP3161
300000927,ECON2016
300000927,ECON1000
300000927,COMP1220
300000927,MATH2411
300000928,EDMC3204
300000928,MATH2403
300000929,EDME2204
300000929,ELNG1101
300000929,COMP3161
300000929,MDPH6135
300000929,MATH2420
300000930,EDME2202
300000930,ECON3031
300000930,ECON3008
300000930,MATH3422
300000930,MATH3155
300000931,ECON1004
300000931,MATH3412
300000932,EDTK3004
300000932,MATH3402
300000933,EDEA3308
300000933,ECON3037
300000933,MATH3423
300000934,ELET2460
300000934,ECON1003
300000934,ECON3016
300000934,COMP3101
300000934,STAT3001
300000935,MATH3402
300000935,EDEA3320
300000935,MATH3403
300000936,MDPH6180
300000936,MATH3401
300000937,EDME3205
300000937,EDEA3306
300000937,MATH3411
300000938,COMP3652
300000938,MATH3424
300000938,MATH3404
300000939,EDRS3019
300000939,ECON3003
300000939,STAT3002
300000940,EDSC3417
300000940,EDTL3021
300000940,MDPH6150
300000940,INFO3435
300000940,MATH3414
300000941,ECON3034
300000941,EDSS2906
300000941,ECON1005
300000941,MATH3421
300000942,EDEA3307
300000942,EDEA3304
300000942,MATH3422
300000943,EDTL1021
300000943,ELET1500
300000943,MATH3424
300000944,ECNG1000
300000945,EDLS2607
300000945,STAT6631
300000945,PHYS1411
300000946,PHYS1412
300000947,COMP3901
300000947,MDPH6260
300000947,MDPH6180
300000947,EDSC3411
300000947,PHYS1421
300000948,EDEA3320
300000948,PHYS1422
300000949,EDME2006
300000949,MATH3421
300000949,COMP1220
300000949,ECON2008
300000949,ELNG1101
300000950,ENGR1000
300000951,EDEA3306
300000951,ECON2008
300000951,EDAR3808
300000951,ELET1500
300000952,ECON3040
300000952,MATH1152
300000952,MATH1185
300000953,EDLA3111
300000953,SWEN3185
300000953,ELET1405
300000954,PHYS2561
300000954,EDLA2106
300000954,ELET1405
300000954,EDHE2912
300000954,ECNG1012
300000955,ECNG1009
300000956,ECON3050
300000956,COMP3161
300000956,MDPH6115
300000956,ECSE1102
300000957,EDLS3612
300000957,SWEN3145
300000957,MDPH6160
300000958,ECON2015
300000958,EDEA3316
300000958,MDPH6150
300000959,COMP3161
300000959,MDPH6140
300000960,ECON3003
300000960,MDPH6130
300000961,ECON2002
300000961,MDPH6120
300000962,MATH3424
300000962,MDPH6110
300000963,ECON1003
300000963,MDPH6215
300000963,EDMC2214
300000963,EDEA3304
300000963,MDPH6280
300000964,EDTL3020
300000964,ECON3050
300000964,MDPH6270
300000965,ECON3011
300000965,EDEA3304
300000965,EDME2006
300000965,ECON3008
300000965,MDPH6260
300000966,EDSE2712
300000966,MDPH6190
300000967,COMP3901
300000967,MDPH6140
300000967,MDPH6180
300000968,MDPH6170
300000969,EDHE2912
300000969,ELET2420
300000969,MDPH6135
300000970,MATH2404
300000970,COMP1126
300000970,MDPH6110
300000970,MDPH6115
300000971,ELET2210
300000971,ECON2023
300000971,EDLA2105
300000971,PHYS2671
300000971,MDPH6215
300000972,MDPH6230
300000973,MDPH6240
300000974,ECON2008
300000974,PHYS2396
300000975,ELET2405
300000976,ECON3034
300000976,SWEN2165
300000976,EDLA3106
300000976,COMP2201
300000976,ELET2415
300000977,ELET1405
300000977,PHYS2296
300000977,ELET2450
300000977,ELET2460
300000978,ECON3032
300000978,ENGR1000
300000978,MATH3401
300000978,ELET2470
300000979,ELET2480
300000980,ELET2410
300000981,EDHE3908
300000981,MATH1141
300000981,MDPH6180
300000981,ECON3034
300000981,ELET2530
300000982,STAT3001
300000982,ELET2450
300000983,EDLA3103
300000983,ELET2420
300000984,COMP3652
300000984,PHYS2561
300000985,MATH2404
300000985,EDSC3417
300000985,ELET2405
300000985,PHYS2671
300000986,EDLS3603
300000986,PHYS2296
300000987,PHYS2200
300000988,PHYS2386
300000989,ECON3007
300000989,ECON2001
300000989,PHYS2351
300000990,STAT6632
300000990,PHYS2300
300000991,ELET2405
300000991,ECON3003
300000991,STAT6631
300000991,PHYS2600
300000992,PHYS2500
300000993,MATH1141
300000993,EDMC2216
300000993,EDIT3825
300000993,PHYS2671
300000993,ELET2210
300000994,ECON2024
300000994,MATH2403
300000994,PHYS1421
300000994,ELET2570
300000995,COMP3901
300000995,MATH2420
300000995,MATH6634
300000995,PHYS2000
300000996,EDMC1001
300000996,COMP2140
300000996,EDRS2007
300000996,ECON3008
300000996,PHYS2701
300000997,MATH6634
300000997,ECON2014
300000997,MATH2401
300000997,EDPS2003
300000997,PHYS3000
300000998,MDPH6240
300000999,MDPH6230
300001000,EDLS3603
300001000,ECON1003
300001000,EDGC2010
300001000,ELET2480
300001000,EDMC1001
300001001,MDPH6120
300001001,EDEA2305
300001001,EDMC1002
300001002,STAT6630
300001002,EDME1103
300001003,EDPS1003
300001004,MDPH6260
300001004,ECON3005
300001004,ECON2014
300001004,MDPH6230
300001004,EDTL1020
300001005,COMP2171
300001005,COMP1220
300001005,COMP1161
300001005,EDCU2013
300001006,EDMC2214
300001006,EDME2202
300001006,EDLA3106
300001006,COMP3801
300001006,EDEA2305
300001007,PHYS2561
300001007,ELET2460
300001007,EDGC2010
300001008,ECON3032
300001008,EDME2202
300001008,EDTL3018
300001008,EDSS3908
300001008,EDHE2912
300001009,COMP3652
300001009,ECON1003
300001009,ECNG1000
300001009,STAT3001
300001009,EDLA2103
300001010,EDSC3408
300001010,MATH1141
300001010,EDSC3411
300001010,EDTL1021
300001010,EDLA2106
300001011,ECON3006
300001011,MATH3423
300001011,MDPH6270
300001011,EDLS2605
300001012,ELET2410
300001012,EDMC2201
300001013,EDSC3408
300001013,EDMC2203
300001014,ECON3072
300001014,PHYS2296
300001014,EDSC3411
300001014,EDMC2214
300001015,EDMC2216
300001016,EDME2204
300001016,EDEA3320
300001016,MATH1185
300001016,EDME2006
300001017,MDPH6180
300001017,COMP3912
300001017,EDSS3903
300001017,ECON3050
300001017,EDME2202
300001018,MATH3422
300001018,ECON3040
300001018,EDPS2003
300001019,MDPH6180
300001019,ECON3011
300001019,EDSS3908
300001019,ECON3030
300001019,EDRS2007
300001020,MATH1142
300001020,EDLA2105
300001020,SWEN3165
300001020,EDLA3110
300001020,EDSS2903
300001021,MATH3424
300001021,EDSS2904
300001022,EDMC3202
300001022,MATH3411
300001022,EDLA2106
300001022,MDPH6115
300001022,EDTK2025
300001023,EDAR3808
300001024,ECON3031
300001024,PHYS2386
300001024,MATH3404
300001024,EDEA3304
300001025,EDEA3306
300001026,COMP3101
300001026,EDEA3308
300001027,COMP3161
300001027,EDPS1003
300001027,COMP1220
300001027,ECON2023
300001027,EDEA3316
300001028,ECON3073
300001028,EDLS2606
300001028,PHYS2396
300001028,ECON3051
300001028,EDEA3320
300001029,EDHE3905
300001030,EDIT3818
300001031,MATH1185
300001031,MDPH6270
300001031,EDRS2007
300001031,SWEN3165
300001031,EDIT3822
300001032,EDLA3104
300001033,ELET2480
300001033,STAT3001
300001033,INFO3105
300001033,EDLA3106
300001034,EDLA3109
300001035,ELET2415
300001035,EDEA2304
300001035,COMP3101
300001035,EDLS2606
300001035,EDLS3603
300001036,EDMA3206
300001037,ELET2210
300001037,EDMC3201
300001038,EDTK2025
300001038,EDMC3204
300001039,EDRS3019
300001040,INFO3170
300001040,ELET2210
300001040,MDPH6280
300001040,EDMC3201
300001040,EDSC3410
300001041,ELET2415
300001041,EDSC3417
300001042,EDIT3821
300001042,PHYS1412
300001042,EDRS3019
300001042,ECON3005
300001042,EDSS3903
300001043,PHYS2396
300001043,MATH1151
300001043,ECON1005
300001043,EDSS3911
300001044,EDMC2213
300001044,EDTK3004
300001045,MDPH6115
300001045,EDTL3018
300001046,EDTL3021
300001046,EDEA3305
300001046,EDTL3020
300001047,EDIT3825
300001047,ECON3016
300001047,EDTL3021
300001048,EDMC2216
300001048,EDTL3020
300001048,INFO3170
300001048,PHYS2701
300001048,EDME1103
300001049,EDEA2304
300001049,EDME2006
300001049,SWEN3130
300001049,MATH6623
300001049,EDTL1021
300001050,ECON2008
300001050,EDHE3908
300001050,ECON3008
300001050,EDEA2304
300001051,EDME2204
300001051,EDIT3822
300001051,PHYS2396
300001051,EDRS3008
300001051,EDHE2908
300001052,ECON2001
300001052,COMP2340
300001052,ECON3037
300001052,EDIT3017
300001053,EDIT3821
300001054,EDLS3603
300001054,EDIT3823
300001055,MATH6635
300001055,STAT3002
300001055,EDLA2105
300001055,PHYS2386
300001055,EDIT3825
300001056,PHYS2671
300001056,EDLA2105
300001057,EDLS2606
300001058,MATH6622
300001058,MDPH6230
300001058,COMP3220
300001058,EDLS2607
300001059,EDMC2213
300001060,MATH2420
300001060,ECON2023
300001060,EDME2204
300001061,EDSC3411
300001061,COMP3801
300001061,EDPH2024
300001062,EDME2006
300001062,MATH6623
300001062,EDMC2201
300001062,COMP3161
300001062,EDSC2407
300001063,EDSE2712
300001064,ECON3072
300001064,MDPH6120
300001064,COMP2140
300001064,MATH3401
300001064,EDSS2906
300001065,INFO3155
300001065,EDEA3305
300001066,ECON3073
300001066,EDSS3903
300001066,EDEA3307
300001067,MATH3421
300001067,ECNG1009
300001067,EDIT3017
300001067,EDEA3320
300001068,EDMC3204
300001068,ECNG1000
300001068,COMP1210
300001068,EDHE3904
300001069,EDMC3202
300001069,EDHE3908
300001070,EDLA3103
300001071,ECON2000
300001071,COMP1210
300001071,ELET2450
300001071,EDLA2103
300001071,EDLA3106
300001072,ECON3049
300001072,EDLS2607
300001072,EDLA3104
300001072,EDLA3110
300001073,EDME3006
300001073,COMP3702
300001073,EDLA3111
300001074,MDPH6240
300001074,EDLS3603
300001075,EDLS3612
300001076,EDMC3020
300001077,EDIT3821
300001077,ECON3010
300001077,EDMC3202
300001078,ECON3031
300001078,MATH6635
300001078,STAT6631
300001078,COMP1161
300001078,EDME3006
300001079,EDRS2007
300001079,EDSS3903
300001079,EDME3205
300001080,MDPH6240
300001080,INFO3180
300001080,PHYS2200
300001080,EDRS3008
300001081,MDPH6110
300001081,EDRS3019
300001082,ECON3037
300001082,ECON3006
300001082,EDSC3403
300001083,COMP3652
300001083,EDSC3408
300001084,ECON1000
300001084,EDSC3411
300001085,STAT3001
300001085,EDMC1001
300001085,EDSS3908
300001086,COMP1126
300001087,EDSS3911
300001087,COMP1126
300001087,EDIT3818
300001087,COMP1127
300001088,COMP1161
300001089,COMP1210
300001090,MATH1142
300001090,COMP1220
300001091,EDAR3808
300001091,EDSS3908
300001091,MATH2410
300001091,EDIT3823
300001091,COMP2201
300001092,COMP2211
300001093,COMP2120
300001094,EDEA3308
300001094,MDPH6180
300001094,EDMC2203
300001094,COMP2140
300001095,ELET1500
300001095,ECON3030
300001095,COMP2171
300001096,COMP2190
300001097,ECON3037
300001097,COMP2340
300001098,ECON3016
300001098,COMP3101
300001099,STAT3001
300001099,MATH6622
300001099,MATH3411
300001099,COMP3220
300001100,COMP3161
300001101,EDEA2305
300001101,ECON1004
300001101,ECON3006
300001101,COMP3652
300001102,STAT6632
300001102,PHYS2671
300001102,COMP3702
300001103,ELET2460
300001103,COMP3901
300001103,EDTK2025
300001103,EDIT3017
300001103,COMP3801
300001104,MATH3412
300001104,PHYS1411
300001104,COMP3901
300001105,COMP3801
300001105,ELET2480
300001105,COMP3911
300001106,COMP3912
300001107,ECON3030
300001107,MDPH6215
300001107,INFO3105
300001108,COMP1127
300001108,INFO3110
300001109,EDMA3206
300001109,PHYS2701
300001109,STAT3002
300001109,INFO3155
300001110,COMP2211
300001110,EDSS2904
300001110,SWEN3130
300001110,EDLS3603
300001110,COMP3161
300001111,INFO3170
300001112,INFO3180
300001113,INFO3435
300001114,EDMC3202
300001114,EDLA3103
300001114,ECON3006
300001114,EDSC3417
300001114,SWEN2165
300001115,ECON3037
300001115,PHYS2701
300001115,ECON3072
300001115,ECON3040
300001115,SWEN3130
300001116,MDPH6280
300001116,MATH2401
300001116,SWEN3145
300001117,EDLS3603
300001117,SWEN3165
300001118,SWEN3185
300001119,MATH3422
300001119,MATH6634
300001119,MATH3401
300001119,SWEN3920
300001120,STAT3002
300001120,ECON1004
300001120,MATH3402
300001120,SWEN3145
300001120,MATH6623
300001121,EDSS2903
300001121,PHYS2600
300001121,STAT6632
300001122,COMP2340
300001122,ECON1000
300001122,MATH1151
300001122,STAT6630
300001123,ECON3032
300001123,STAT6631
300001124,EDLA3110
300001124,MDPH6280
300001124,MDPH6120
300001124,EDRS3019
300001124,STAT6631
300001125,MATH6629
300001126,MATH3421
300001126,INFO3170
300001126,MATH6633
300001127,EDME3205
300001127,MATH3404
300001127,EDTL3020
300001127,MATH6634
300001128,ECON3037
300001128,ECON1004
300001128,MATH6628
300001129,EDSS3903
300001129,MATH6622
300001130,EDTL3020
300001130,COMP1126
300001130,ENGR1000
300001130,PHYS2500
300001130,MATH6635
300001131,ECON1000
300001132,MATH3401
300001132,MATH1152
300001132,MATH1185
300001132,ECON1003
300001133,ELET1405
300001133,COMP1161
300001133,EDME2202
300001133,EDSC3410
300001133,ECON1004
300001134,EDEA3320
300001134,EDCU2013
300001134,ECON1005
300001135,ECON1012
300001136,EDEA3316
300001136,ECON2000
300001137,EDLA2106
300001137,MATH1141
300001137,ECON2010
300001137,PHYS2561
300001137,ECON2001
300001138,ECON2000
300001138,MDPH6215
300001138,PHYS2300
300001138,ECON2002
300001139,ECON2015
300001139,ECON3030
300001139,ECON1005
300001139,ECON2003
300001140,PHYS2500
300001140,ECON2023
300001140,ECON2020
300001140,MATH6635
300001140,ECON2005
300001141,PHYS2701
300001141,PHYS2000
300001141,EDAR3808
300001141,ECON2008
300001142,ECON2009
300001143,MATH3401
300001143,ECON1005
300001143,EDME3205
300001143,STAT6630
300001143,ECON2010
300001144,EDEA3320
300001144,MATH6628
300001144,ECON2014
300001145,EDSC3408
300001145,MATH1151
300001145,EDTL3021
300001145,ECON2015
300001146,ECON2016
300001147,ECON2009
300001147,ECON2020
300001148,EDME1103
300001148,COMP3911
300001148,EDLS3603
300001148,MDPH6270
300001148,ECON2023
300001149,EDIT3823
300001149,EDTL1021
300001149,ECON2024
300001150,EDSS3911
300001150,ECON3011
300001150,MATH6634
300001150,ECON2003
300001150,ECON2025
300001151,COMP2211
300001151,MATH6634
300001151,PHYS2396
300001151,ELET1500
300001151,ECON3003
300001152,ECON3005
300001153,MATH6628
300001153,EDEA2304
300001153,MATH6622
300001153,EDEA3320
300001153,ECON3006
300001154,ECON2001
300001154,PHYS2300
300001154,EDSS3911
300001154,ECNG1012
300001154,ECON3007
300001155,ECON3073
300001155,SWEN3165
300001155,EDLS2607
300001155,EDRS2007
300001155,ECON3008
300001156,ELET1405
300001156,SWEN3185
300001156,COMP3702
300001156,ECON2023
300001156,ECON3010
300001157,STAT6630
300001157,ECON2014
300001157,EDRS3019
300001157,ECON3011
300001158,EDRS3008
300001158,ECON3016
300001159,EDMC1002
300001159,SWEN3920
300001159,ECON3032
300001159,ECON3030
300001160,ECON3031
300001161,EDPS1003
300001161,ECON3040
300001161,EDEA3304
300001161,MATH3155
300001161,ECON3032
300001162,ECON3051
300001162,EDEA2305
300001162,ECON1003
300001162,ECON3034
300001163,EDLA2103
300001163,ECON3037
300001164,EDLA3111
300001164,ECON3040
300001165,ECON3049
300001166,EDTL1021
300001166,EDIT3823
300001166,SWEN3185
300001166,ELET2570
300001166,ECON3050
300001167,EDCU2013
300001167,EDMC2216
300001167,EDPS2003
300001167,EDSC3417
300001167,ECON3051
300001168,EDMC1002
300001168,EDSC3403
300001168,MATH6628
300001168,MDPH6140
300001168,ECON3072
300001169,COMP2140
300001169,PHYS2296
300001169,ECON3073
300001170,MATH6623
300001170,ELET1405
300001170,ECON3007
300001170,EDIT3821
300001170,MATH1141
300001171,STAT3001
300001171,MDPH6280
300001171,STAT3002
300001171,MATH1142
300001172,ECNG1000
300001172,COMP1210
300001172,ECON2020
300001172,MATH1151
300001173,PHYS2000
300001173,MATH3403
300001173,COMP2201
300001173,MATH1152
300001174,MATH2401
300001175,PHYS2500
300001175,EDLS2607
300001175,EDSC2407
300001175,MATH2410
300001176,ECSE1102
300001176,MATH2404
300001177,EDIT3818
300001177,ECNG1009
300001177,EDSS2903
300001177,MATH2411
300001178,MATH2403
300001179,MATH2420
300001180,MATH3403
300001180,EDRS2007
300001180,COMP2120
300001180,EDME2204
300001180,MATH3155
300001181,MATH6622
300001181,EDSC3410
300001181,EDHE3908
300001181,EDCU2013
300001181,MATH3412
300001182,STAT6631
300001182,STAT3002
300001182,MATH3402
300001183,MATH3423
300001184,MATH6629
300001184,MDPH6240
300001184,EDRS3008
300001184,STAT3001
300001185,ECON2000
300001185,ECON2020
300001185,MATH6629
300001185,MATH3403
300001186,MATH3401
300001187,EDSC3410
300001187,EDME1103
300001187,EDTL3021
300001187,PHYS2351
300001187,MATH3411
300001188,EDHE3904
300001188,EDHE3908
300001188,EDLA3106
300001188,MATH3404
300001189,MATH3424
300001189,ECON1004
300001189,EDMC3020
300001189,STAT3002
300001190,MATH2411
300001190,MATH3421
300001190,ECSE1102
300001190,MATH3414
300001191,SWEN3185
300001191,COMP3912
300001191,MATH3421
300001192,ECON3031
300001192,ECON3016
300001192,MATH3422
300001193,MATH3155
300001193,MATH3424
300001194,ECNG1000
300001195,EDPS2003
300001195,PHYS2701
300001195,ECON2000
300001195,ECON2014
300001195,PHYS1411
300001196,EDEA3304
300001196,PHYS1412
300001197,MATH3402
300001197,ECON3034
300001197,PHYS1421
300001198,COMP3702
300001198,PHYS1422
300001199,INFO3110
300001199,ECON1012
300001199,COMP1220
300001199,ELNG1101
300001200,ECON3030
300001200,ELET2480
300001200,EDSC3411
300001200,ENGR1000
300001201,STAT6631
300001201,EDME1103
300001201,ECNG1009
300001201,ELET1500
300001202,EDTK3004
300001202,COMP2120
300001202,MDPH6215
300001202,MATH6633
300001202,MATH1185
300001203,MDPH6150
300001203,MDPH6180
300001203,ECON3006
300001203,STAT6631
300001203,ELET1405
300001204,ECNG1012
300001205,MDPH6150
300001205,EDME2006
300001205,ECNG1009
300001206,STAT3001
300001206,PHYS2561
300001206,ECSE1102
300001207,EDMC3020
300001207,MATH3422
300001207,MDPH6160
300001208,ELET1500
300001208,MDPH6150
300001209,ECON1000
300001209,PHYS3000
300001209,EDRS3008
300001209,MDPH6140
300001210,ECON1000
300001210,EDTK3004
300001210,EDSS2903
300001210,MDPH6130
300001211,ECON3049
300001211,MDPH6120
300001212,MDPH6110
300001213,MDPH6280
300001214,EDLS3603
300001214,ECON1004
300001214,ECON1005
300001214,MDPH6270
300001215,MDPH6215
300001215,SWEN3185
300001215,COMP3912
300001215,EDEA3320
300001215,MDPH6260
300001216,MATH6623
300001216,MDPH6190
300001217,ELET2410
300001217,MATH3424
300001217,MDPH6180
300001218,ECON3003
300001218,MDPH6170
300001219,COMP2140
300001219,PHYS3000
300001219,MDPH6135
300001220,MDPH6115
300001221,MATH6629
300001221,MATH3412
300001221,MATH6628
300001221,MDPH6215
300001222,PHYS1411
300001222,EDMC3204
300001222,MDPH6230
300001223,MDPH6240
300001224,EDEA3304
300001224,ECON3073
300001224,ECSE1102
300001224,PHYS2396
300001225,INFO3180
300001225,ELET2415
300001225,EDEA2305
300001225,ELET2405
300001226,EDMC1001
300001226,EDTK3004
300001226,ELET2415
300001227,COMP2140
300001227,EDMC3202
300001227,ELET2460
300001228,ECON3049
300001228,ELET2210
300001228,MDPH6135
300001228,ELET2470
300001229,ECON3031
300001229,EDME2006
300001229,ELET2480
300001230,EDIT3822
300001230,ELET2410
300001231,MDPH6215
300001231,MDPH6240
300001231,ELET2530
300001232,ECON3007
300001232,ELET2450
300001233,PHYS2396
300001233,MDPH6215
300001233,MATH6629
300001233,EDMC3204
300001233,ELET2420
300001234,PHYS2200
300001234,MATH2410
300001234,MATH6633
300001234,ECON3008
300001234,PHYS2561
300001235,COMP3652
300001235,EDEA2305
300001235,EDMC2203
300001235,PHYS2671
300001236,PHYS2296
300001237,PHYS2200
300001238,MATH2403
300001238,ECON1012
300001238,MATH3414
300001238,EDTK2025
300001238,PHYS2386
300001239,MDPH6115
300001239,PHYS2351
300001240,MATH3402
300001240,MDPH6115
300001240,ECON3034
300001240,PHYS2300
300001241,EDHE2908
300001241,EDMC3202
300001241,PHYS2600
300001242,EDMC2201
300001242,ECON2005
300001242,MDPH6270
300001242,EDHE3905
300001242,PHYS2500
300001243,SWEN2165
300001243,PHYS1411
300001243,EDGC2010
300001243,MDPH6120
300001243,ELET2210
300001244,SWEN3145
300001244,ECON2002
300001244,EDME2202
300001244,MATH1141
300001244,ELET2570
300001245,PHYS2000
300001246,SWEN3145
300001246,PHYS2701
300001247,ENGR1000
300001247,EDPS1003
300001247,EDME3006
300001247,PHYS3000
300001248,EDLA3111
300001248,COMP1210
300001248,SWEN3920
300001248,MDPH6280
300001248,MDPH6240
300001249,MDPH6230
